<?xml version="1.0" encoding="UTF-8"?>
<project-private xmlns="http://www.netbeans.org/ns/project-private/1">
    <editor-bookmarks xmlns="http://www.netbeans.org/ns/editor-bookmarks/2" lastBookmarkId="0"/>
    <open-files xmlns="http://www.netbeans.org/ns/projectui-open-files/2">
        <group>
            <file>file:/Users/joanlaine/Documents/Talent%20Tech%20Academy/TTAFSD/Java/myJava/Hospital_GN2/src/java/com/hospital/model/Record.java</file>
            <file>file:/Users/joanlaine/Documents/Talent%20Tech%20Academy/TTAFSD/Java/myJava/Hospital_GN2/src/java/com/hospital/controller/PlogServlet.java</file>
            <file>file:/Users/joanlaine/Documents/Talent%20Tech%20Academy/TTAFSD/Java/myJava/Hospital_GN2/src/java/com/hospital/model/Consultation.java</file>
            <file>file:/Users/joanlaine/Documents/Talent%20Tech%20Academy/TTAFSD/Java/myJava/Hospital_GN2/src/java/com/hospital/model/RecordQuery.java</file>
            <file>file:/Users/joanlaine/Documents/Talent%20Tech%20Academy/TTAFSD/Java/myJava/Hospital_GN2/src/java/com/hospital/controller/DAccessServlet.java</file>
            <file>file:/Users/joanlaine/Documents/Talent%20Tech%20Academy/TTAFSD/Java/myJava/Hospital_GN2/src/java/com/hospital/model/PatientQuery.java</file>
            <file>file:/Users/joanlaine/Documents/Talent%20Tech%20Academy/TTAFSD/Java/myJava/Hospital_GN2/src/java/com/hospital/model/MyConnection.java</file>
        </group>
    </open-files>
</project-private>
